{"avg_actor_loss":-28.502836227416992,"_timestamp":1.7468032976466408e+09,"_wandb":{"runtime":830},"avg_alpha_loss":-2.512369155883789,"_step":502,"avg_critic_loss":6.490983009338379,"_runtime":829.709634323,"episode":581,"episode_return":45}