{"_runtime":895.755519328,"avg_alpha_loss":-2.2600133419036865,"_timestamp":1.7468013767125084e+09,"_step":257,"episode_return":41,"_wandb":{"runtime":896},"avg_actor_loss":-44.39068603515625,"episode":644,"avg_critic_loss":8.672141075134277}